,precision,recall,f1-score,support
correct,0.6169354838709677,0.6566523605150214,0.6361746361746362,233.0
contradictory,0.5263157894736842,0.3448275862068966,0.4166666666666667,58.0
partially_correct_incomplete,0.38513513513513514,0.504424778761062,0.4367816091954023,113.0
irrelevant,0.6057692307692307,0.47368421052631576,0.5316455696202531,133.0
non_domain,0.0,0.0,0.0,3.0
accuracy,0.5425925925925926,0.5425925925925926,0.5425925925925926,0.5425925925925926
macro avg,0.4268311278498036,0.39591778720185916,0.4042536963313916,540.0
weighted avg,0.552518262025902,0.5425925925925926,0.5415935916554279,540.0
