run,label_id,label_name,count,precision,recall,f1_score,support,per_label_accuracy
gpt4o_five_shot,0,correct,233,0.7729083665338645,0.8326180257510729,0.8016528925619835,233.0,0.8326180257510729
gpt4o_five_shot,1,contradictory,58,0.6060606060606061,0.6896551724137931,0.6451612903225806,58.0,0.6896551724137931
gpt4o_five_shot,2,partially_correct_incomplete,113,0.38405797101449274,0.4690265486725664,0.42231075697211157,113.0,0.4690265486725664
gpt4o_five_shot,3,irrelevant,133,0.7857142857142857,0.49624060150375937,0.6082949308755761,133.0,0.49624060150375937
gpt4o_five_shot,4,non_domain,3,0.0,0.0,0.0,3.0,0.0
