run,label_id,label_name,count,precision,recall,f1_score,support,per_label_accuracy
gpt4o_zero_shot,0,correct,233,0.8395061728395061,0.5836909871244635,0.6886075949367089,233.0,0.5836909871244635
gpt4o_zero_shot,1,contradictory,58,0.47368421052631576,0.7758620689655172,0.5882352941176471,58.0,0.7758620689655172
gpt4o_zero_shot,2,partially_correct_incomplete,113,0.31718061674008813,0.6371681415929203,0.4235294117647059,113.0,0.6371681415929203
gpt4o_zero_shot,3,irrelevant,133,0.8214285714285714,0.3458646616541353,0.48677248677248675,133.0,0.3458646616541353
gpt4o_zero_shot,4,non_domain,3,0.0,0.0,0.0,3.0,0.0
