run,label_id,label_name,count,precision,recall,f1_score,support,per_label_accuracy
gpt52_five_shot,0,correct,233,0.8495145631067961,0.7510729613733905,0.7972665148063781,233.0,0.7510729613733905
gpt52_five_shot,1,contradictory,58,0.6557377049180327,0.6896551724137931,0.6722689075630253,58.0,0.6896551724137931
gpt52_five_shot,2,partially_correct_incomplete,113,0.3418803418803419,0.7079646017699115,0.4610951008645533,113.0,0.7079646017699115
gpt52_five_shot,3,irrelevant,133,0.8064516129032258,0.18796992481203006,0.3048780487804878,133.0,0.18796992481203006
gpt52_five_shot,4,non_domain,3,0.25,0.6666666666666666,0.36363636363636365,3.0,0.6666666666666666
