run,label_id,label_name,count,precision,recall,f1_score,support,per_label_accuracy
gpt52_zero_shot,0,correct,233,0.8743169398907104,0.6866952789699571,0.7692307692307693,233.0,0.6866952789699571
gpt52_zero_shot,1,contradictory,58,0.6666666666666666,0.7241379310344828,0.6942148760330579,58.0,0.7241379310344828
gpt52_zero_shot,2,partially_correct_incomplete,113,0.3488372093023256,0.7964601769911505,0.48517520215633425,113.0,0.7964601769911505
gpt52_zero_shot,3,irrelevant,133,0.8333333333333334,0.22556390977443608,0.35502958579881655,133.0,0.22556390977443608
gpt52_zero_shot,4,non_domain,3,0.0,0.0,0.0,3.0,0.0
